totalCirculating,totalIssued,totalStaking,totalCollateral,totalEspaceTokens,create_ts,totalStorageTokens,convertedStoragePoints,usedStoragePoints,convertedStoragePoints_cfx
3758883973.697175,5421383983.801341,403524152.0468848,3248965.1875,148871913.46301004,2023-09-13T04:03:54+00:00,3248965.1875,532552704.0,131926848.0,520071.0
3758884835.1863337,5421384845.290501,403525152.0468848,3248965.4375,148871974.35986358,2023-09-13T05:04:37+00:00,3248965.4375,634952704.0,224102528.0,620071.0
3758898155.237446,5421398165.341612,403531152.0468848,3248970.125,148564326.75418845,2023-09-13T06:10:15+00:00,3248970.125,634952704.0,224102464.0,620071.0
3758974772.839081,5421474782.943247,403567152.0468848,3248992.3125,148541632.61277992,2023-09-13T12:26:00+00:00,3248992.3125,635546624.0,224122560.0,620651.0
3758988311.767526,5421488321.871693,403568152.0468848,3248992.9375,148544517.6172906,2023-09-13T13:33:54+00:00,3248992.9375,635546624.0,224122688.0,620651.0
3759000771.77715,5421500781.881317,403576152.0468848,3248995.4375,148504248.9424733,2023-09-13T14:33:55+00:00,3248995.4375,635546624.0,224123136.0,620651.0
3759013414.01007,5421513424.114237,403594152.0468848,3248994.8125,148086308.22433233,2023-09-13T15:33:54+00:00,3248994.8125,635546624.0,224123136.0,620651.0
3759025879.1735578,5421525889.277724,403615152.0468848,3248996.5,148068264.0259683,2023-09-13T16:33:54+00:00,3248996.5,635546624.0,224123712.0,620651.0
3759038421.251099,5421538431.355266,403616152.0468848,3248993.3125,148089240.61211503,2023-09-13T17:33:55+00:00,3248993.3125,635551744.0,224128512.0,620656.0
3759050860.531469,5421550870.635635,403612152.0468848,3248989.125,148096460.86056003,2023-09-13T18:33:54+00:00,3248989.125,635567104.0,224126592.0,620671.0
3759063411.4719634,5421563421.57613,403612152.0468848,3248989.4375,148097044.86432856,2023-09-13T19:33:55+00:00,3248989.4375,635567104.0,224126400.0,620671.0
3759075951.375255,5421575961.479422,403613152.0468848,3248989.25,148098018.27464858,2023-09-13T20:33:55+00:00,3248989.25,635567104.0,224126784.0,620671.0
3759088568.609276,5421588578.713442,403614152.0468848,3248989.625,148136952.5056773,2023-09-13T21:33:55+00:00,3248989.625,635567104.0,224127424.0,620671.0
3759098266.343014,5421598276.447181,403635152.0468848,3248990.1875,148115332.76006696,2023-09-13T22:33:56+00:00,3248990.1875,635567104.0,224127232.0,620671.0
3759110814.981267,5421610825.085434,403650152.0468848,3248991.875,148114549.79548594,2023-09-13T23:33:55+00:00,3248991.875,635567104.0,224127360.0,620671.0
3759123290.3782153,5421623300.482382,403645152.0468848,3248992.125,148120529.51302856,2023-09-14T00:33:56+00:00,3248992.125,635567104.0,224127808.0,620671.0
3759135778.440881,5421635788.545048,403651152.0468848,3248992.0,148140202.6050426,2023-09-14T01:33:55+00:00,3248992.1875,635567104.0,224129024.0,620671.0
3759147897.965547,5421647908.069714,403655152.0468848,3249003.4375,148142650.83099362,2023-09-14T02:33:55+00:00,3249003.4375,636079104.0,224128832.0,621171.0
3759160488.6335206,5421660498.737687,403656152.0468848,3249031.375,148147047.0787544,2023-09-14T03:33:55+00:00,3249031.375,636079104.0,224130432.0,621171.0
3759172952.294425,5421672962.398591,403658152.0468848,3249194.5,148157079.59922063,2023-09-14T04:33:55+00:00,3249194.5,636109824.0,224131456.0,621201.0
3759185480.327613,5421685490.431779,403659156.0030732,3249345.5,148158865.1411895,2023-09-14T05:33:55+00:00,3249345.5,636109824.0,224133504.0,621201.0
3759198004.157901,5421698014.262068,403657156.0030732,3249466.9375,148190116.76205918,2023-09-14T06:33:55+00:00,3249466.9375,636109824.0,224134784.0,621201.0
3759207659.646703,5421707669.75087,403681156.0030732,3249535.3125,148178034.3287272,2023-09-14T07:33:55+00:00,3249535.3125,636212224.0,224136960.0,621301.0
3759220270.244676,5421720280.348842,403680563.2584883,3249537.5,148175401.23416194,2023-09-14T08:33:55+00:00,3249537.5,636212224.0,224188992.0,621301.0
3759232920.921573,5421732931.02574,403683561.2584883,3249595.375,148175336.18050775,2023-09-14T09:33:56+00:00,3249595.375,636212224.0,224231872.0,621301.0
3759245295.217308,5421745305.321474,403684561.2584883,3249597.125,148186723.97189942,2023-09-14T10:33:56+00:00,3249597.125,636212224.0,224232320.0,621301.0
3759257858.4915056,5421757868.595673,403695561.2584883,3249603.5625,148180828.35594836,2023-09-14T11:33:55+00:00,3249603.5625,636212224.0,224234944.0,621301.0
3759270322.4433527,5421770332.54752,403697561.2584883,3249672.25,148183046.30840212,2023-09-14T12:33:54+00:00,3249672.25,636222464.0,224235648.0,621311.0
3759282593.971541,5421782604.075708,403698561.2584883,3249679.4375,148184984.29911438,2023-09-14T13:33:54+00:00,3249679.4375,636478464.0,224234560.0,621561.0
3759295200.082516,5421795210.186683,403694561.2584883,3249681.5625,147655123.01835284,2023-09-14T14:33:54+00:00,3249681.5625,636478464.0,224234176.0,621561.0
3759307287.957805,5421807298.061972,403327623.3208354,3249621.6875,148032163.23010865,2023-09-14T15:33:54+00:00,3249621.6875,636642304.0,224346688.0,621721.0
3759317340.491696,5421817350.595862,405673682.6248354,3249768.75,145771185.74990028,2023-09-14T16:33:54+00:00,3249768.75,636642304.0,224347328.0,621721.0
3759329827.825676,5421829837.929843,405674522.31610847,3249934.0625,145773627.36651075,2023-09-14T17:33:54+00:00,3249934.0625,636642304.0,224348800.0,621721.0
3759342566.590999,5421842576.695166,405736522.31610847,3250106.3125,145775235.65992123,2023-09-14T18:33:54+00:00,3250106.3125,636642304.0,224347008.0,621721.0
3759355022.9190392,5421855033.023206,405737522.31610847,3250276.125,145682616.18058866,2023-09-14T19:33:55+00:00,3250276.125,636642304.0,224347776.0,621721.0
3759367527.9012666,5421867538.005433,405737522.31610847,3250445.375,145687139.5194504,2023-09-14T20:33:54+00:00,3250445.375,636642304.0,224347776.0,621721.0
3759380137.5685534,5421880147.67272,405738522.31610847,3250615.125,145789478.9014669,2023-09-14T21:33:54+00:00,3250615.125,636642304.0,224347776.0,621721.0
3759392767.553012,5421892777.657179,405743522.31610847,3250783.5625,145790437.6454711,2023-09-14T22:33:55+00:00,3250783.5625,636642304.0,224346880.0,621721.0
3759405365.157057,5421905375.261224,405749522.31610847,3250953.625,145787054.31381303,2023-09-14T23:33:55+00:00,3250953.625,636642304.0,224347200.0,621721.0
3759417836.89743,5421917847.001596,405701522.31610847,3251122.9375,145788013.3805596,2023-09-15T00:33:54+00:00,3251122.9375,636642304.0,224347520.0,621721.0
3759430292.5321736,5421930302.63634,405703522.31610847,3251290.0,145808000.5659445,2023-09-15T01:33:55+00:00,3251290.0,636642304.0,224347584.0,621721.0
3759440322.7523007,5421940332.856467,402762156.6219699,3251526.5625,148792514.8868249,2023-09-15T02:33:54+00:00,3251526.5625,636642304.0,224348352.0,621721.0
3759452789.759184,5421952799.86335,405767151.1178525,3251760.625,145337239.6237725,2023-09-15T03:33:55+00:00,3251760.625,636647424.0,224353344.0,621726.0
3759464697.666709,5421964707.770876,405781151.1178525,3252126.75,145340859.2682212,2023-09-15T04:33:55+00:00,3252126.75,637261824.0,224353984.0,622326.0
3759477228.104344,5421977238.208511,405782151.1178525,3252503.625,145341177.22534615,2023-09-15T05:33:55+00:00,3252503.625,637261824.0,224353664.0,622326.0
3759489847.472134,5421989857.576301,405783151.1178525,3252891.0,145334319.48609984,2023-09-15T06:33:55+00:00,3252891.0,637261824.0,224354816.0,622326.0
3759502351.561295,5422002361.665462,405787151.1178525,3253268.875,145335025.11880708,2023-09-15T07:33:55+00:00,3253268.875,637261824.0,224355008.0,622326.0
3759514818.72172,5422014828.825887,405790151.1178525,3253648.3125,145310554.09290126,2023-09-15T08:33:55+00:00,3253648.3125,637261824.0,224356672.0,622326.0
3759525245.438984,5422025255.543151,405785151.1178525,3252262.5625,145316597.78258184,2023-09-15T09:33:55+00:00,3252262.5625,639477248.0,226166976.0,624489.5
3759537557.357832,5422037567.461998,405795151.1178525,3252678.0,145309575.83312723,2023-09-15T10:33:54+00:00,3252678.0,639477248.0,226166720.0,624489.5
3759547606.439736,5422047616.543902,405797151.1178525,3253070.75,145310165.2989876,2023-09-15T11:33:55+00:00,3253070.75,639529472.0,226166336.0,624540.5
3759559982.658494,5422059992.762661,405808151.1178525,3253399.0,145312435.64644134,2023-09-15T12:33:55+00:00,3253399.0,639662592.0,226217344.0,624670.5
3759572806.808319,5422072816.912486,405806151.1178525,3253775.375,145298692.63107404,2023-09-15T13:33:55+00:00,3253775.375,639662592.0,226217152.0,624670.5
3759585486.915604,5422085497.019771,405816151.1178525,3254152.125,145294291.95737946,2023-09-15T14:33:55+00:00,3254152.125,639662592.0,226218112.0,624670.5
3759598041.9097176,5422098052.013885,405816167.5299469,3254529.6875,145282799.97904038,2023-09-15T15:33:55+00:00,3254529.6875,639662592.0,226218112.0,624670.5
3759610689.014375,5422110699.118542,405723167.5299469,3254906.9375,145283798.7483013,2023-09-15T16:33:55+00:00,3254906.9375,639662592.0,226218496.0,624670.5
3759623125.555511,5422123135.6596775,405724173.4517859,3255284.3125,145353982.17377254,2023-09-15T17:33:56+00:00,3255284.3125,639662592.0,226218496.0,624670.5
3759635772.791558,5422135782.895724,405700173.4517859,3255656.9375,145343424.20835847,2023-09-15T18:33:55+00:00,3255656.9375,639667712.0,226221184.0,624675.5
3759648351.763895,5422148361.868062,405701173.4517859,3256033.25,145310622.33125556,2023-09-15T19:33:55+00:00,3256033.25,639667712.0,226220544.0,624675.5
3759658140.133833,5422158150.237999,405703173.4517859,3256408.9375,145312580.87463978,2023-09-15T20:33:55+00:00,3256408.9375,639667712.0,226220544.0,624675.5
3759670860.523855,5422170870.628021,405704173.4517859,3256783.9375,145313440.37789026,2023-09-15T21:33:55+00:00,3256783.9375,639667712.0,226220736.0,624675.5
3759683285.450901,5422183295.555068,405704173.4517859,3257159.5,145329230.84983,2023-09-15T22:33:56+00:00,3257159.5,639667712.0,226220736.0,624675.5
3759695935.4196806,5422195945.523848,405707173.4517859,3257535.0625,145328856.0573083,2023-09-15T23:33:56+00:00,3257535.0625,639667712.0,226222144.0,624675.5
3759708377.123379,5422208387.227546,405709173.4517859,3257912.5,145349861.09697515,2023-09-16T00:33:56+00:00,3257912.5,639667712.0,226222336.0,624675.5
3759720921.930723,5422220932.03489,405723173.4517859,3258284.4375,145129653.19351488,2023-09-16T01:33:56+00:00,3258284.4375,639667712.0,226222208.0,624675.5
3759733540.111943,5422233550.216109,405723173.4517859,3258661.0,145131152.06041855,2023-09-16T02:34:26+00:00,3258661.0,639729152.0,226223040.0,624735.5
3759746035.150831,5422246045.254997,405726173.4517859,3259039.1875,145131201.11412898,2023-09-16T03:33:56+00:00,3259039.1875,639729152.0,226222528.0,624735.5
3759752701.8673663,5422252711.971533,405735173.4517859,3254276.5,145125247.06808984,2023-09-16T04:33:57+00:00,3254276.5,645669888.0,231488256.0,630537.0
3759762563.723417,5422262573.827584,405737173.4517859,3254677.625,145119369.99409023,2023-09-16T05:33:58+00:00,3254677.625,645695488.0,231488320.0,630562.0
3759774769.164949,5422274779.269116,405738547.0402194,3255064.25,145111883.80428752,2023-09-16T06:33:56+00:00,3255064.25,645746688.0,231488832.0,630612.0
3759787220.273292,5422287230.377459,405742547.0402194,3255452.75,145125922.4658664,2023-09-16T07:33:56+00:00,3255452.75,645746688.0,231493056.0,630612.0
3759799967.381542,5422299977.485709,405745547.0402194,3255834.25,145082990.49336848,2023-09-16T08:33:56+00:00,3255834.25,645746688.0,231492928.0,630612.0
3759812277.2269263,5422312287.331093,405746547.0402194,3256217.1875,145093295.96730465,2023-09-16T09:33:56+00:00,3256217.1875,645797888.0,231493440.0,630662.0
3759799274.5669904,5422299284.671157,405745547.0402194,3256596.5,145095244.7464157,2023-09-16T10:33:56+00:00,3256596.5,671986688.0,231494848.0,656237.0
3759786628.450575,5422286638.554742,405745547.0402194,3256975.5625,145031992.46606317,2023-09-16T11:33:56+00:00,3256975.5625,697904128.0,231495232.0,681547.0
3759795616.663184,5422295626.76735,405747547.0402194,3257358.5625,145047769.45923695,2023-09-16T12:33:55+00:00,3257358.5625,701488128.0,231495616.0,685047.0
3759808210.5895233,5422308220.693689,405767547.0402194,3257739.6875,145024464.19206432,2023-09-16T13:33:56+00:00,3257739.6875,701488128.0,231495872.0,685047.0
3759818167.514172,5422318177.618339,405769547.0402194,3258117.5,145027577.5390619,2023-09-16T14:33:56+00:00,3258117.5,701488128.0,231496512.0,685047.0
3759830832.3956847,5422330842.499851,405778547.0402194,3258493.4375,145000931.64052662,2023-09-16T15:33:56+00:00,3258493.4375,701488128.0,231496192.0,685047.0
3759843344.266833,5422343354.370999,405779547.0402194,3258882.0625,144976429.06589913,2023-09-16T16:33:55+00:00,3258882.0625,701488128.0,231496064.0,685047.0
3759855792.440904,5422355802.545071,405779547.0402194,3259258.25,144967970.5560276,2023-09-16T17:33:55+00:00,3259258.25,701488128.0,231496064.0,685047.0
3759868271.783017,5422368281.887184,405782547.0402194,3259630.75,144968209.35265797,2023-09-16T18:33:55+00:00,3259637.0,701488128.0,231494592.0,685047.0
3759880924.135968,5422380934.240134,405786547.0402194,3260013.75,144943387.86981595,2023-09-16T19:33:56+00:00,3260013.75,701488128.0,231492224.0,685047.0
3759893589.570094,5422393599.674261,405787547.0402194,3260389.625,144962364.5855314,2023-09-16T20:33:56+00:00,3260389.625,701488128.0,231492160.0,685047.0
3759906217.559329,5422406227.663495,405788547.0402194,3260764.625,144965419.83371782,2023-09-16T21:33:56+00:00,3260764.625,701488128.0,231492608.0,685047.0
3759918515.266281,5422418525.370448,405789547.0402194,3261139.9375,145019089.69816592,2023-09-16T22:33:55+00:00,3261139.9375,701488128.0,231492608.0,685047.0
3759931370.829426,5422431380.933593,405790552.9647316,3261515.125,145013161.7672683,2023-09-16T23:33:56+00:00,3261515.125,701488128.0,231493888.0,685047.0
3759941166.294151,5422441176.398317,405792552.9647316,3261892.6875,145006486.87217525,2023-09-17T00:33:56+00:00,3261892.6875,701488128.0,231494464.0,685047.0
3759953518.467612,5422453528.571778,405793552.9647316,3262257.9375,144979689.99848196,2023-09-17T01:33:56+00:00,3262257.9375,701488128.0,231495808.0,685047.0
3759966148.32983,5422466158.433997,405794552.9647316,3262633.5625,144960767.1604403,2023-09-17T02:33:57+00:00,3262633.5625,701488128.0,231496128.0,685047.0
3759978726.8535247,5422478736.957691,405803552.9647316,3263004.375,144961379.50050852,2023-09-17T03:33:56+00:00,3263004.375,701488128.0,231495552.0,685047.0
3759991302.443311,5422491312.547478,405792552.9647316,3263585.75,144746774.8163784,2023-09-17T04:33:56+00:00,3263585.75,701488128.0,231495680.0,685047.0
3760003848.735445,5422503858.839611,405794552.9647316,3264060.6875,144761917.11938336,2023-09-17T05:33:56+00:00,3264060.6875,701488128.0,231495872.0,685047.0
3760016409.352988,5422516419.457154,405827552.9647316,3264256.25,144763253.39965534,2023-09-17T06:33:56+00:00,3264256.25,701492224.0,231495488.0,685051.0
3760029164.037456,5422529174.141623,405860552.9647316,3264635.125,144724981.25305203,2023-09-17T07:33:55+00:00,3264635.125,701492224.0,231497344.0,685051.0
3760041632.768552,5422541642.872719,405939552.9647316,3265016.125,144607431.5866636,2023-09-17T08:33:55+00:00,3265016.125,701492224.0,231496384.0,685051.0
3760051364.316569,5422551374.420735,405991552.9647316,3265393.8125,144557776.87738082,2023-09-17T09:33:55+00:00,3265393.8125,701492224.0,231523712.0,685051.0
3760064108.020011,5422564118.124178,405994552.9647316,3265770.375,144562890.56273967,2023-09-17T10:33:56+00:00,3265770.375,701492224.0,231523712.0,685051.0
3760076660.547544,5422576670.651711,405995552.9647316,3266147.9375,144561490.85238206,2023-09-17T11:33:55+00:00,3266147.9375,701492224.0,231523776.0,685051.0
3760089290.694962,5422589300.799129,406004552.9647316,3266521.9375,144562177.62154302,2023-09-17T12:33:56+00:00,3266521.9375,701492224.0,231523904.0,685051.0
3760101763.984494,5422601774.088661,406005552.9647316,3266898.0,144523528.6061481,2023-09-17T13:33:56+00:00,3266898.0,701502464.0,231524352.0,685061.0
3760114271.8453608,5422614281.949527,406029552.9647316,3267275.625,144520343.51503864,2023-09-17T14:33:56+00:00,3267275.625,701502464.0,231524544.0,685061.0
3760126829.780961,5422626839.885127,406209552.9647316,3267652.1875,144536160.96194997,2023-09-17T15:33:58+00:00,3267652.1875,701502464.0,231523136.0,685061.0
3760139389.257303,5422639399.361469,406212555.93139714,3268027.4375,144549086.90984422,2023-09-17T16:33:56+00:00,3268027.4375,701502464.0,231524992.0,685061.0
3760151854.84129,5422651864.9454565,406213555.93139714,3268402.8125,144549087.70909607,2023-09-17T17:33:56+00:00,3268402.8125,701502464.0,231525248.0,685061.0
3760161728.321981,5422661738.426147,406214555.93139714,3268781.75,144518641.3049205,2023-09-17T18:33:58+00:00,3268781.75,701502464.0,231522560.0,685061.0
3760174277.4055176,5422674287.509685,406209555.93139714,3269157.3125,144541840.24599388,2023-09-17T19:33:57+00:00,3269157.3125,701502464.0,231521984.0,685061.0
3760186989.147559,5422686999.251725,406207101.3097037,3269532.1875,144506627.93606466,2023-09-17T20:33:57+00:00,3269532.1875,701502464.0,231522048.0,685061.0
3760199457.950831,5422699468.054997,406195101.3097037,3269904.875,144444199.46702895,2023-09-17T21:33:57+00:00,3269904.875,701502464.0,231524480.0,685061.0
3760212153.859829,5422712163.963996,406195101.3097037,3270280.3125,144448567.00604653,2023-09-17T22:33:57+00:00,3270280.3125,701502464.0,231524288.0,685061.0
3760224819.0649166,5422724829.169084,406261101.3097037,3270656.375,144448179.44729462,2023-09-17T23:33:57+00:00,3270656.375,701502464.0,231524352.0,685061.0
3760237383.389813,5422737393.493979,406267101.3097037,3271032.875,144469174.7725059,2023-09-18T00:33:56+00:00,3271032.875,701502464.0,231524224.0,685061.0
3760249774.779552,5422749784.883719,406268101.3097037,3271400.875,144467504.53373882,2023-09-18T01:33:57+00:00,3271400.875,701502464.0,231524224.0,685061.0
3760262223.7360806,5422762233.840247,406268809.2717837,3271776.875,144470896.1712435,2023-09-18T02:33:58+00:00,3271776.875,701502464.0,231523776.0,685061.0
3760271671.401775,5422771681.505941,406268450.2425,3272153.875,144464615.13181177,2023-09-18T03:33:56+00:00,3272153.875,702041088.0,231522624.0,685587.0
3760283638.254531,5422783648.358697,406269614.6362626,3271991.75,144458606.74574092,2023-09-18T04:33:56+00:00,3271991.75,702795776.0,232080576.0,686324.0
3760295977.090386,5422795987.194552,406262614.6362626,3272351.6875,144445916.42490166,2023-09-18T05:33:56+00:00,3272351.6875,702875136.0,232102080.0,686401.5
3760308298.755554,5422808308.859721,406262614.6362626,3272728.6875,144464171.24979302,2023-09-18T06:33:55+00:00,3272728.6875,703131136.0,232102720.0,686651.5
3760320666.713209,5422820676.817376,406264614.6362626,3273110.75,144464262.61456928,2023-09-18T07:33:55+00:00,3273110.75,703131136.0,232102016.0,686651.5
3760333354.132765,5422833364.236932,406266614.6362626,3273499.3125,144441044.17671978,2023-09-18T08:33:55+00:00,3273499.3125,703131136.0,232102080.0,686651.5
3760340873.944888,5422840884.049054,406315614.6362626,3271993.0,144291825.20036635,2023-09-18T09:33:55+00:00,3271993.0,708309504.0,234047104.0,691708.5
3760353465.317263,5422853475.42143,406330614.6362626,3272369.6875,144391911.6423141,2023-09-18T10:33:55+00:00,3272369.6875,708309504.0,234047552.0,691708.5
3760365929.899144,5422865940.00331,406334614.6362626,3272797.125,144383933.95104262,2023-09-18T11:33:57+00:00,3272797.125,708309504.0,234047040.0,691708.5
3760375810.1253104,5422875820.229477,406344614.6362626,3273172.1875,144385320.1050936,2023-09-18T12:33:54+00:00,3273172.1875,708309504.0,234047744.0,691708.5
3760388361.5291295,5422888371.633296,406376614.6362626,3273338.1875,144385374.97287643,2023-09-18T13:33:54+00:00,3273338.1875,708309504.0,234047744.0,691708.5
3760400691.72083,5422900701.824996,406383614.6362626,3273376.75,144372125.2096329,2023-09-18T14:33:54+00:00,3273376.75,708309504.0,234047232.0,691708.5
3760413352.037905,5422913362.142072,406379614.6362626,3273377.375,144373750.13200584,2023-09-18T15:33:54+00:00,3273377.375,708309504.0,234046912.0,691708.5
3760425824.516999,5422925834.621165,406345515.4563616,3273377.875,144410091.46349958,2023-09-18T16:33:55+00:00,3273377.875,708309504.0,234047936.0,691708.5
3760438312.0720057,5422938322.176172,406361515.4563616,3273379.0625,144325065.3200011,2023-09-18T17:33:54+00:00,3273379.0625,708309504.0,234047680.0,691708.5
3760450788.068331,5422950798.172498,406351061.3565606,3273381.1875,144326099.69993845,2023-09-18T18:33:54+00:00,3273381.1875,708309504.0,234045376.0,691708.5
3760463396.805209,5422963406.909376,406351061.3565606,3273381.5625,144261233.2053149,2023-09-18T19:33:54+00:00,3273381.5625,708309504.0,234040896.0,691708.5
3760476278.6068535,5422976288.71102,406352061.3565606,3273382.0625,144262220.6109664,2023-09-18T20:33:55+00:00,3273382.0625,708309504.0,234041152.0,691708.5
3760486060.362956,5422986070.467123,406357095.794928,3273382.0625,144268102.83824247,2023-09-18T21:33:54+00:00,3273382.0625,708309504.0,234041536.0,691708.5
3760498584.012671,5422998594.1168375,406358095.794928,3273382.375,144269062.54331607,2023-09-18T22:33:54+00:00,3273382.375,708309504.0,234041152.0,691708.5
3760511002.14534,5423011012.249506,406361140.6449279,3273384.75,144269132.4849481,2023-09-18T23:33:54+00:00,3273384.75,708309504.0,234041600.0,691708.5
3760523656.590682,5423023666.694849,406366140.6449279,3273387.625,144290155.9024535,2023-09-19T00:33:55+00:00,3273387.625,708309504.0,234041472.0,691708.5
3760536378.8103657,5423036388.914533,406369140.6449279,3273387.9375,144282609.11235836,2023-09-19T01:33:55+00:00,3273387.9375,708319744.0,234041856.0,691718.5
3760545926.365743,5423045936.46991,406372149.5417976,3272320.75,144297249.5230243,2023-09-19T02:33:56+00:00,3272320.75,711346688.0,235137280.0,694674.5
3760558317.1453214,5423058327.249489,406573149.5417976,3272333.375,144314986.07759717,2023-09-19T03:33:56+00:00,3272333.375,711399936.0,235138112.0,694726.5
3760570733.733471,5423070743.837638,406575149.5417976,3272331.5625,144268837.65596807,2023-09-19T04:33:55+00:00,3272331.5625,711399936.0,235139840.0,694726.5
3760583286.6205406,5423083296.724708,406575149.5417976,3272335.5,144268868.45667627,2023-09-19T05:33:55+00:00,3272335.5,711399936.0,235139904.0,694726.5
3760593203.915191,5423093214.019358,406575149.5417976,3272338.625,144272247.46910134,2023-09-19T06:33:54+00:00,3272338.625,711399936.0,235140800.0,694726.5
3760605788.609822,5423105798.713988,406577149.5417976,3272341.6875,144270192.36949384,2023-09-19T07:33:54+00:00,3272341.6875,711404032.0,235140544.0,694730.5
3760618360.165949,5423118370.270115,406574149.5417976,3272349.5625,144254952.6903741,2023-09-19T08:33:55+00:00,3272349.5625,711429632.0,235141184.0,694755.5
3760630927.088585,5423130937.192752,406586149.5417976,3272355.3125,144255271.25700712,2023-09-19T09:33:55+00:00,3272355.3125,711429632.0,235140928.0,694755.5
3760643403.85149,5423143413.955657,406593149.5417976,3272366.75,144263774.73557898,2023-09-19T10:33:55+00:00,3272366.75,711429632.0,235140544.0,694755.5
3760655883.641885,5423155893.746052,406594149.5417976,3272190.0625,144271492.18799514,2023-09-19T11:33:55+00:00,3272190.0625,711685632.0,235335296.0,695005.5
3760668353.7391214,5423168363.843288,406596149.5417976,3272558.875,144270808.70263985,2023-09-19T12:33:55+00:00,3272558.875,711711232.0,235336000.0,695030.5
3760680847.212432,5423180857.316598,406057853.7637753,3273060.5,144273906.9694107,2023-09-19T13:33:55+00:00,3273060.5,711711232.0,235335744.0,695030.5
3760693284.6010537,5423193294.70522,405627853.7637753,3274093.0625,144298694.4065364,2023-09-19T14:33:55+00:00,3274093.0625,711711232.0,235335808.0,695030.5
3760703191.44055,5423203201.544717,406627603.7637753,3275112.875,144175974.10660803,2023-09-19T15:33:55+00:00,3275112.875,711711232.0,235336768.0,695030.5
3760715696.5187926,5423215706.622959,406638603.7637753,3276132.375,144211485.39606938,2023-09-19T16:33:55+00:00,3276132.375,711711232.0,235336512.0,695030.5
3760728344.3982697,5423228354.502437,406640617.229443,3277189.0,144201351.61590663,2023-09-19T17:33:55+00:00,3277189.0,711711232.0,235336960.0,695030.5
3760740890.13284,5423240900.237006,406641617.229443,3278210.4375,144096726.5126575,2023-09-19T18:33:55+00:00,3278210.4375,711711232.0,235334784.0,695030.5
3760753643.225303,5423253653.32947,406644584.4710085,3279217.5,144035032.42714322,2023-09-19T19:33:55+00:00,3279217.5,711711232.0,235334784.0,695030.5
3760766014.596101,5423266024.700267,406487584.4710085,3280249.5,144028401.18587083,2023-09-19T20:33:55+00:00,3280249.5,711711232.0,235334336.0,695030.5
3760778684.928,5423278695.032167,406487584.4710085,3281281.0625,143688599.80017546,2023-09-19T21:33:55+00:00,3281281.0625,711711232.0,235334784.0,695030.5
3760791300.4747834,5423291310.578949,406479584.4710085,3281925.0,143698145.1964208,2023-09-19T22:33:56+00:00,3281925.0,711711232.0,235336384.0,695030.5
3760803536.5771327,5423303546.681299,406482584.4710085,3281928.9375,143698455.16732422,2023-09-19T23:33:56+00:00,3281928.9375,712018432.0,235336832.0,695330.5
3760815932.576252,5423315942.680418,406483584.4710085,3281934.4375,143720391.66442275,2023-09-20T00:33:55+00:00,3281934.4375,712018432.0,235338432.0,695330.5
3760825978.732277,5423325988.836444,406486584.4710085,3281937.9375,143709987.7319084,2023-09-20T01:33:57+00:00,3281937.9375,712024064.0,235338496.0,695336.0
3760835043.625503,5423335053.72967,406487584.4710085,3279813.375,143733947.80459073,2023-09-20T02:33:56+00:00,3279813.375,715505664.0,237526528.0,698736.0
3760847522.292344,5423347532.39651,406529185.06497645,3279826.4375,143705319.78566214,2023-09-20T03:33:55+00:00,3279826.4375,715534848.0,237527936.0,698764.5
3760860019.482386,5423360029.586553,406531185.06497645,3279854.0,143708518.32919928,2023-09-20T04:33:54+00:00,3279854.0,715560448.0,237527232.0,698789.5
3760872782.868994,5423372792.973161,406533185.06497645,3279864.125,143715655.5938397,2023-09-20T05:33:54+00:00,3279864.125,715560448.0,237527808.0,698789.5
3760882544.196438,5423382554.300605,406535185.06497645,3279871.875,143716791.39010155,2023-09-20T06:33:54+00:00,3279871.875,718151168.0,237528576.0,701319.5
3760894795.196138,5423394805.300304,406536185.06497645,3279924.3125,143696503.6489137,2023-09-20T07:33:55+00:00,3279924.3125,718212608.0,237529088.0,701379.5
3760906788.8795214,5423406798.983688,406537185.06497645,3279932.0625,143677559.97642988,2023-09-20T08:33:54+00:00,3279932.0625,718827008.0,237529216.0,701979.5
3760918686.9136696,5423418697.017836,406538185.06497645,3279943.75,143682709.64244586,2023-09-20T09:33:54+00:00,3279943.75,719344128.0,237529024.0,702484.5
3760927450.619636,5423427460.723803,406540185.06497645,3279506.5625,143692322.2351597,2023-09-20T10:33:55+00:00,3279506.5625,720368128.0,237984896.0,703484.5
3760939868.430015,5423439878.534182,406542141.8344839,3279516.875,143692433.88432324,2023-09-20T11:33:55+00:00,3279516.875,720368128.0,237985472.0,703484.5
3760952119.971326,5423452130.075493,406543141.8344839,3279215.6875,143685315.29545718,2023-09-20T12:33:56+00:00,3279215.6875,720734720.0,238303232.0,703842.5
3760964550.6441407,5423464560.748307,406544141.8344839,3279227.25,143676393.636893,2023-09-20T13:33:55+00:00,3279227.25,720734720.0,238303552.0,703842.5
3760977006.552096,5423477016.656262,406546141.8344839,3279240.6875,143707902.44825262,2023-09-20T14:33:55+00:00,3279240.6875,720734720.0,238304064.0,703842.5
3760989483.997312,5423489494.101478,406550141.8344839,3279248.1875,143773358.8723733,2023-09-20T15:33:55+00:00,3279248.1875,720734720.0,238306432.0,703842.5
3761001927.998782,5423501938.102949,406624141.8344839,3279258.875,143700144.71372658,2023-09-20T16:33:55+00:00,3279258.875,720734720.0,238306368.0,703842.5
3761014516.667242,5423514526.771409,406624141.8344839,3279264.5625,143703157.4596801,2023-09-20T17:33:55+00:00,3279264.5625,720734720.0,238306368.0,703842.5
3761026847.966644,5423526858.07081,395882141.8344839,3279269.75,154457061.75539088,2023-09-20T18:33:55+00:00,3279269.75,720734720.0,238305600.0,703842.5
3761036755.736453,5423536765.84062,395882372.0708978,3279271.125,154457122.92379236,2023-09-20T19:33:55+00:00,3279271.125,720734720.0,238304384.0,703842.5
3761049597.612137,5423549607.716304,395883372.0708978,3279272.5,154459963.5900244,2023-09-20T20:33:55+00:00,3279272.5,720734720.0,238304384.0,703842.5
3761061947.348908,5423561957.453074,395944322.0708978,3279274.4375,154400131.6981328,2023-09-20T21:33:55+00:00,3279274.4375,720734720.0,238304384.0,703842.5
3761074369.017596,5423574379.121763,395944322.0708978,3279275.5,154402584.36948815,2023-09-20T22:33:56+00:00,3279275.5,720734720.0,238304384.0,703842.5
3761086853.270569,5423586863.374736,395946322.0708978,3279280.125,154402653.13055107,2023-09-20T23:33:55+00:00,3279280.125,720734720.0,238303936.0,703842.5
3761099291.934144,5423599302.03831,395947322.0708978,3279286.3125,154404598.19297412,2023-09-21T00:33:55+00:00,3279286.3125,720734720.0,238304320.0,703842.5
3761111362.563743,5423611372.66791,395953322.0708978,3279289.4375,154396933.2038382,2023-09-21T01:33:56+00:00,3279289.4375,721041920.0,238303040.0,704142.5
3761123197.9411097,5423623208.045277,395944322.0708978,3278989.25,154432657.2717329,2023-09-21T02:33:55+00:00,3278989.25,721567744.0,238636160.0,704656.0
3761135744.240736,5423635754.344903,395947322.0708978,3279001.75,154461290.76197013,2023-09-21T03:33:55+00:00,3279001.75,721618944.0,238637760.0,704706.0
3761145581.021943,5423645591.12611,395951322.0708978,3279023.125,154370019.85796827,2023-09-21T04:33:55+00:00,3279023.125,721670144.0,238640832.0,704756.0
3761158033.3837633,5423658043.48793,395953322.0708978,3279055.6875,154370094.5553427,2023-09-21T05:33:55+00:00,3279055.6875,721670144.0,238640512.0,704756.0
3761169706.397773,5423669716.50194,395954322.0708978,3278994.0625,154958677.20651007,2023-09-21T06:33:55+00:00,3278994.0625,722345984.0,238712064.0,705416.0
3761181951.13615,5423681961.240316,395965322.0708978,3279001.5,154948309.2844655,2023-09-21T07:33:55+00:00,3279001.5,722473984.0,238714176.0,705541.0
3761194441.3732176,5423694451.477384,395966322.0708978,3279008.6875,154948294.43530086,2023-09-21T08:33:55+00:00,3279008.6875,722473984.0,238713664.0,705541.0
3761206853.402791,5423706863.506958,395949127.791441,3279024.0625,154940157.24822292,2023-09-21T09:33:55+00:00,3279024.0625,722473984.0,238712960.0,705541.0
3761219365.0833,5423719375.187467,396034127.791441,3279036.1875,154967033.92215964,2023-09-21T10:33:55+00:00,3279036.1875,722489344.0,238712896.0,705556.0
3761231962.351443,5423731972.455609,396022127.791441,3279048.625,154982222.64491802,2023-09-21T11:33:55+00:00,3279048.625,722489344.0,238713280.0,705556.0
3761244516.79432,5423744526.898487,396026127.791441,3279058.1875,154979471.41841546,2023-09-21T12:33:56+00:00,3279058.1875,722489344.0,238712960.0,705556.0
3761256776.304079,5423756786.408246,396026127.791441,3279066.5625,154396096.32287323,2023-09-21T13:33:55+00:00,3279066.5625,722489344.0,238714112.0,705556.0
3761266569.409939,5423766579.514106,396027127.791441,3279078.5625,154397704.38634354,2023-09-21T14:33:55+00:00,3279078.5625,722489344.0,238713792.0,705556.0
3761279055.4946985,5423779065.598865,396011127.791441,3279095.0625,154397647.24090862,2023-09-21T15:33:56+00:00,3279095.0625,722489344.0,238715584.0,705556.0
3761291503.745115,5423791513.849281,395820127.791441,3279090.5625,154591116.6998293,2023-09-21T16:33:56+00:00,3279090.5625,722553344.0,238732736.0,705618.5
3761304102.073002,5423804112.177168,395791127.791441,3279107.8125,154624388.5433621,2023-09-21T17:33:56+00:00,3279107.8125,722553344.0,238732480.0,705618.5
3761316706.9942393,5423816717.098406,395760127.791441,3279113.3125,154657351.3111897,2023-09-21T18:33:56+00:00,3279113.3125,722553344.0,238729600.0,705618.5
3761329185.166699,5423829195.270865,395765127.791441,3279115.4375,154723050.41411445,2023-09-21T19:33:56+00:00,3279115.4375,722553344.0,238729600.0,705618.5
3761341535.937325,5423841546.041492,395765127.791441,3279116.25,154724892.82971746,2023-09-21T20:33:56+00:00,3279116.25,722553344.0,238729600.0,705618.5
3761354168.2806096,5423854178.384776,395767127.791441,3279117.0,154724457.59803453,2023-09-21T21:33:56+00:00,3279117.0,722553344.0,238730496.0,705618.5
3761366579.585896,5423866589.690062,395767127.791441,3279118.875,154725455.79314867,2023-09-21T22:33:56+00:00,3279118.875,722553344.0,238730304.0,705618.5
3761376255.426799,5423876265.530966,395769127.791441,3279121.0625,154843941.06624737,2023-09-21T23:33:56+00:00,3279121.0625,722553344.0,238732032.0,705618.5
3761388699.809072,5423888709.913239,395782127.791441,3279124.625,154865808.06425208,2023-09-22T00:33:56+00:00,3279124.625,722553344.0,238732672.0,705618.5
3761400931.39902,5423900941.503187,395762127.791441,3279053.1875,154889408.45144382,2023-09-22T01:33:57+00:00,3279053.1875,722669568.0,238816000.0,705732.0
3761413553.43781,5423913563.541977,395744127.791441,3279081.0625,154922737.90100127,2023-09-22T02:33:58+00:00,3279081.0625,722695168.0,238815808.0,705757.0
3761425968.749585,5423925978.853752,395743127.791441,3279106.9375,154925973.42415392,2023-09-22T03:33:55+00:00,3279106.9375,722695168.0,238816768.0,705757.0
3761438438.232412,5423938448.336579,395746127.791441,3279401.3125,154925288.32887137,2023-09-22T04:33:55+00:00,3279401.3125,722695168.0,238816640.0,705757.0
3761450956.778241,5423950966.882408,395701154.4543767,3279409.8125,154967228.20894328,2023-09-22T05:33:54+00:00,3279409.8125,722695168.0,238816256.0,705757.0
3761462662.087723,5423962672.19189,395702154.4543767,3279399.25,154940491.1777631,2023-09-22T06:33:55+00:00,3279399.25,723309568.0,238851136.0,706357.0
3761475257.103904,5423975267.208071,395702154.4543767,3279411.5,154942022.24878246,2023-09-22T07:33:55+00:00,3279411.5,723309568.0,238850496.0,706357.0
3761483725.492609,5423983735.596775,395711074.4543767,3278260.6875,154936396.285411,2023-09-22T08:33:55+00:00,3278260.6875,724763136.0,239854464.0,707776.5
3761496107.441812,5423996117.545978,405713074.4543767,3278280.5625,144937177.26923412,2023-09-22T09:33:55+00:00,3278280.5625,724865536.0,239863488.0,707876.5
3761508554.685663,5424008564.789829,406461105.0405784,3278457.125,144191280.03753734,2023-09-22T10:33:55+00:00,3278457.125,724865536.0,239863744.0,707876.5
3761521082.684813,5424021092.78898,406462105.0405784,3278581.4375,144193555.54305905,2023-09-22T11:33:55+00:00,3278581.4375,724865536.0,239863488.0,707876.5
3761533745.642552,5424033755.746719,406467105.0405784,3278495.875,144174090.3465255,2023-09-22T12:33:55+00:00,3278495.875,724865536.0,239863488.0,707876.5
3761546287.331696,5424046297.435863,406525105.0405784,3278507.3125,144121516.35450643,2023-09-22T13:33:55+00:00,3278507.3125,724865536.0,239863040.0,707876.5
3761558779.9168935,5424058790.02106,406527010.0862137,3278524.5625,144122668.87675014,2023-09-22T14:33:54+00:00,3278524.5625,724865536.0,239862976.0,707876.5
3761571405.9380536,5424071416.04222,406531186.7671608,3278537.4375,144122402.14914712,2023-09-22T15:33:55+00:00,3278537.4375,724865536.0,239863616.0,707876.5
3761584159.357403,5424084169.46157,406541102.7671608,3278547.6875,144111393.51075628,2023-09-22T16:33:55+00:00,3278547.6875,724865536.0,239864000.0,707876.5
3761593987.429745,5424093997.533912,406542153.5671608,3278554.6875,144113880.95583054,2023-09-22T17:33:56+00:00,3278554.6875,724865536.0,239863616.0,707876.5
3761606679.053687,5424106689.157853,406543153.5671608,3278561.3125,144116879.5959845,2023-09-22T18:33:56+00:00,3278561.3125,724865536.0,239860672.0,707876.5
3761619194.3339047,5424119204.438071,406545153.5671608,3278562.75,144117285.25934073,2023-09-22T19:33:55+00:00,3278562.75,724865536.0,239859328.0,707876.5
3761631814.674073,5424131824.778239,406545153.5671608,3278563.75,144118331.6606447,2023-09-22T20:33:55+00:00,3278563.75,724865536.0,239859328.0,707876.5
3761644335.0587378,5424144345.162904,406547153.5671608,3278565.75,144105360.85098326,2023-09-22T21:33:56+00:00,3278565.75,724865536.0,239859328.0,707876.5
3761656665.360857,5424156675.465023,406548153.5671608,3278566.125,144112450.05044186,2023-09-22T22:33:55+00:00,3278566.125,724865536.0,239861504.0,707876.5
3761669133.5139794,5424169143.618146,406549154.5671608,3278570.375,144112632.3011678,2023-09-22T23:33:55+00:00,3278570.375,724865536.0,239861184.0,707876.5
3761681665.139969,5424181675.244136,406581168.8814278,3278574.1875,144106236.904191,2023-09-23T00:33:55+00:00,3278574.1875,724865536.0,239861312.0,707876.5
3761694348.6316586,5424194358.735826,406580168.8814278,3278593.0,144106352.55409682,2023-09-23T01:33:57+00:00,3278593.0,724865536.0,239861248.0,707876.5
3761704168.743555,5424204178.847722,406560216.6414279,3278625.125,144128624.829081,2023-09-23T02:33:56+00:00,3278625.125,724865536.0,239860416.0,707876.5
3761716684.70181,5424216694.805977,406560216.6414279,3278645.9375,144136318.08377197,2023-09-23T03:33:56+00:00,3278645.9375,724865536.0,239860480.0,707876.5
3761729076.087385,5424229086.191552,406561216.6414279,3278667.75,144137407.5792429,2023-09-23T04:33:56+00:00,3278667.75,724865536.0,239861312.0,707876.5
3761741668.0934176,5424241678.197584,406562216.6414279,3278675.375,144135099.1101987,2023-09-23T05:33:55+00:00,3278675.375,724865536.0,239861312.0,707876.5
3761754321.339648,5424254331.443814,406564216.6414279,3278688.5625,144137815.48856834,2023-09-23T06:33:56+00:00,3278688.5625,724865536.0,239861376.0,707876.5
3761766671.280477,5424266681.384644,406568216.6414279,3278702.9375,144140248.12350854,2023-09-23T07:33:56+00:00,3278702.9375,724865536.0,239861440.0,707876.5
3761779292.282114,5424279302.386281,406605216.6414279,3278709.5625,144160882.25296718,2023-09-23T08:33:56+00:00,3278709.5625,724896768.0,239866304.0,707907.0
3761791726.979849,5424291737.084016,406909216.6414279,3278717.375,143860600.63703403,2023-09-23T09:33:56+00:00,3278717.375,724896768.0,239866752.0,707907.0
3761802844.704013,5424302854.808179,406930216.6414279,3277416.25,143843152.50964606,2023-09-23T10:33:55+00:00,3277416.25,726279168.0,241208960.0,709257.0
3761815533.956647,5424315544.060814,406930216.6414279,3277427.75,143834071.13496712,2023-09-23T11:33:56+00:00,3277427.75,726279168.0,241208960.0,709257.0
3761825401.150969,5424325411.255136,406932216.6414279,3277434.0625,143835176.7692383,2023-09-23T12:33:56+00:00,3277434.0625,726279168.0,241209984.0,709257.0
3761837961.3967648,5424337971.500932,406954226.6414279,3277444.0,143814705.78585508,2023-09-23T13:33:58+00:00,3277444.0,726279168.0,241209728.0,709257.0
3761850625.981898,5424350636.086065,406954226.6414279,3277464.0625,143814589.7567449,2023-09-23T14:33:56+00:00,3277464.0625,726279168.0,241211776.0,709257.0
3761863097.269452,5424363107.373618,406955226.6414279,3277466.3125,143815824.84729338,2023-09-23T15:33:57+00:00,3277466.3125,726304768.0,241211456.0,709282.0
3761875508.669265,5424375518.773432,406966226.6414279,3277474.9375,143811291.55627435,2023-09-23T16:33:57+00:00,3277474.9375,726304768.0,241209920.0,709282.0
3761888083.661127,5424388093.765294,406035226.6414279,3277480.5,144746489.68567383,2023-09-23T17:33:56+00:00,3277480.5,726304768.0,241206144.0,709282.0
3761900611.8121977,5424400621.916365,406036234.57384336,3277485.6875,144747177.67285535,2023-09-23T18:33:56+00:00,3277485.6875,726304768.0,241199616.0,709282.0
3761913203.948526,5424413214.052692,406036234.57384336,3277484.3125,144747600.6614695,2023-09-23T19:33:55+00:00,3277484.3125,726304768.0,241200960.0,709282.0
3761925682.4663625,5424425692.570529,406047234.57384336,3277485.5,144748596.19806588,2023-09-23T20:33:55+00:00,3277485.5,726304768.0,241200960.0,709282.0
3761935573.391513,5424435583.49568,406047234.57384336,3277486.375,144749511.7912741,2023-09-23T21:33:55+00:00,3277486.375,726304768.0,241200960.0,709282.0
3761948121.940283,5424448132.04445,406048234.57384336,3277486.5,144750710.9184269,2023-09-23T22:33:55+00:00,3277486.5,726304768.0,241200960.0,709282.0
3761960673.2526526,5424460683.356819,406053234.57384336,3277488.125,144750892.43831787,2023-09-23T23:33:55+00:00,3277488.125,726304768.0,241202112.0,709282.0
3761973211.699426,5424473221.803593,406055234.57384336,3277492.375,144751986.85318264,2023-09-24T00:33:56+00:00,3277492.375,726304768.0,241201728.0,709282.0
3761985694.264069,5424485704.368236,406056236.4699013,3277498.1875,144752120.3268998,2023-09-24T01:33:56+00:00,3277498.1875,726304768.0,241201728.0,709282.0
3761998333.4126816,5424498343.516848,406058236.4699013,3277503.8125,144773372.54459015,2023-09-24T02:33:58+00:00,3277503.8125,726304768.0,241201600.0,709282.0
3762010693.4499326,5424510703.554099,406059095.5253409,3277509.5625,144784069.36287498,2023-09-24T03:33:57+00:00,3277509.5625,726304768.0,241201728.0,709282.0
3762023181.372107,5424523191.476274,406088095.5253409,3277521.1875,144760358.5279148,2023-09-24T04:33:56+00:00,3277521.1875,726304768.0,241201536.0,709282.0
3762035557.9574,5424535568.061566,406084095.5253409,3277545.25,144771679.25321075,2023-09-24T05:33:55+00:00,3277545.25,726304768.0,241201344.0,709282.0
3762045473.880659,5424545483.984826,406085095.5253409,3277554.75,144766281.35495934,2023-09-24T06:33:55+00:00,3277554.75,726304768.0,241201408.0,709282.0
3762058189.1121793,5424558199.216346,406075095.5253409,3277560.8125,144771827.56729972,2023-09-24T07:33:56+00:00,3277560.8125,726304768.0,241201472.0,709282.0
3762070677.0322704,5424570687.136437,406078095.5253409,3277567.0625,144755260.63484833,2023-09-24T08:33:56+00:00,3277567.0625,726304768.0,241201664.0,709282.0
3762083235.6835656,5424583245.787732,406081095.5253409,3277572.125,144763072.5347029,2023-09-24T09:33:56+00:00,3277572.125,726304768.0,241201856.0,709282.0
3762095631.975497,5424595642.079663,406103095.5253409,3277589.9375,144748850.56729138,2023-09-24T10:33:56+00:00,3277589.9375,726304768.0,241201344.0,709282.0
3762108327.1046414,5424608337.208809,406106095.5253409,3277599.0,144747056.14055276,2023-09-24T11:33:56+00:00,3277599.0,726304768.0,241201344.0,709282.0
3762120823.685612,5424620833.789778,406115095.5253409,3277602.4375,144753825.94096884,2023-09-24T12:33:57+00:00,3277602.4375,726304768.0,241202048.0,709282.0
3762133412.441293,5424633422.54546,406117095.5253409,3277609.9375,144754137.53298727,2023-09-24T13:33:56+00:00,3277609.9375,726304768.0,241202368.0,709282.0
3762146068.595235,5424646078.699402,406115043.4183446,3277615.375,144758157.05120444,2023-09-24T14:33:56+00:00,3277615.375,726304768.0,241202816.0,709282.0
3762155258.2540016,5424655268.358168,406117100.03489137,3276987.5,144754991.4960808,2023-09-24T15:33:56+00:00,3276987.5,727004672.0,241854720.0,709965.5
3762167535.0468855,5424667545.151052,406122100.03489137,3276928.0,144756056.60592964,2023-09-24T16:33:57+00:00,3276928.0,727076352.0,241919360.0,710035.5
3762180090.948607,5424680101.052773,406133100.03489137,3276935.75,144757431.54753056,2023-09-24T17:33:56+00:00,3276935.75,727076352.0,241919360.0,710035.5
3762192652.2942686,5424692662.398436,406133100.03489137,3276941.8125,144759280.32365468,2023-09-24T18:33:56+00:00,3276941.8125,727076352.0,241916864.0,710035.5
3762205291.0438,5424705301.147966,406134100.03489137,3276943.4375,144766794.3666741,2023-09-24T19:33:56+00:00,3276943.4375,727076352.0,241915712.0,710035.5
3762217781.624832,5424717791.728998,406140100.03489137,3276944.5,144763081.2844281,2023-09-24T20:33:56+00:00,3276944.5,727076352.0,241915776.0,710035.5
3762230333.497763,5424730343.60193,406140100.03489137,3276945.5,144763480.3390891,2023-09-24T21:33:56+00:00,3276945.5,727076352.0,241915776.0,710035.5
3762242920.639812,5424742930.7439785,406142105.96704537,3276947.75,144764541.24197516,2023-09-24T22:33:56+00:00,3276947.75,727076352.0,241915776.0,710035.5
3762255560.151589,5424755570.255755,406143105.96704537,3276950.0625,144752010.29081106,2023-09-24T23:33:58+00:00,3276950.0625,727076352.0,241915968.0,710035.5
3762265497.302796,5424765507.406962,406144105.96704537,3276950.875,144751533.02037227,2023-09-25T00:34:00+00:00,3276950.875,727076352.0,241917184.0,710035.5
3762278018.015279,5424778028.119446,406149105.96704537,3277002.4375,144771650.36366516,2023-09-25T01:33:57+00:00,3277002.4375,727076352.0,241918208.0,710035.5
3762290491.6346455,5424790501.738812,406152105.96704537,3277037.125,144772701.96551526,2023-09-25T02:33:56+00:00,3277037.125,727076352.0,241918464.0,710035.5
3762302899.795272,5424802909.899439,406154105.96704537,3277064.875,144772921.91656876,2023-09-25T03:33:54+00:00,3277064.875,727076352.0,241917952.0,710035.5
3762315536.0307126,5424815546.134879,406148071.20332766,3277073.0625,144752176.38496587,2023-09-25T04:33:55+00:00,3277073.0625,727076352.0,241918400.0,710035.5
3762327961.5223646,5424827971.626532,406149071.20332766,3277088.1875,144742866.4081796,2023-09-25T05:33:54+00:00,3277088.1875,727076352.0,241918400.0,710035.5
3762340396.774256,5424840406.878423,406907071.20332766,3277093.125,144039405.11679235,2023-09-25T06:33:54+00:00,3277093.5,727153152.0,241918784.0,710110.5
3762352869.64895,5424852879.753117,406908071.20332766,3277097.375,143220984.27449375,2023-09-25T07:33:54+00:00,3277097.375,727153152.0,241918336.0,710110.5
3762365487.326459,5424865497.430626,406909071.20332766,3277101.0625,143223269.6523243,2023-09-25T08:33:54+00:00,3277101.0625,727153152.0,241918464.0,710110.5
3762375649.670693,5424875659.774859,407847071.20332766,3277105.6875,142278807.59124166,2023-09-25T09:33:54+00:00,3277105.6875,727153152.0,241918848.0,710110.5
3762388151.063168,5424888161.167335,407847071.20332766,3277113.125,142280090.11999136,2023-09-25T10:33:54+00:00,3277113.125,727153152.0,241918848.0,710110.5
3762400624.048985,5424900634.153152,407843071.20332766,3277117.9375,142285064.34655565,2023-09-25T11:33:55+00:00,3277117.9375,727153152.0,241918784.0,710110.5
3762413285.622737,5424913295.726904,407845071.20332766,3277121.875,142279214.48038405,2023-09-25T12:33:55+00:00,3277121.875,727153152.0,241918528.0,710110.5
3762425842.011357,5424925852.115524,407889071.20332766,3277127.875,142271375.72812387,2023-09-25T13:33:59+00:00,3277127.875,727153152.0,241917760.0,710110.5
3762438455.2103057,5424938465.314472,407893095.20332766,3277132.3125,142271914.08991438,2023-09-25T14:33:56+00:00,3277132.3125,727153152.0,241918016.0,710110.5
3762451082.462072,5424951092.566238,407905148.3033276,3277143.375,142287938.13564277,2023-09-25T15:33:56+00:00,3277143.375,727153152.0,241918208.0,710110.5
3762463555.8511415,5424963565.955308,407921196.88989407,3277155.9375,142283983.94827712,2023-09-25T16:34:02+00:00,3277155.9375,727153152.0,241918208.0,710110.5
3762476096.859838,5424976106.9640045,407921196.88989407,3277159.875,142277378.30103782,2023-09-25T17:33:55+00:00,3277159.875,727153152.0,241918336.0,710110.5
3762486062.9261546,5424986073.030321,407921196.88989407,3277164.125,142278413.02645865,2023-09-25T18:33:56+00:00,3277164.125,727153152.0,241915648.0,710110.5
3762498720.54334,5424998730.647507,407922196.88989407,3277165.0625,142253637.46875232,2023-09-25T19:33:57+00:00,3277165.0625,727153152.0,241914816.0,710110.5
3762511356.199966,5425011366.304132,407923196.88989407,3277167.0625,142267932.21996352,2023-09-25T20:33:55+00:00,3277167.0625,727153152.0,241914752.0,710110.5
3762523955.0068216,5425023965.110989,407924196.88989407,3277167.5625,142268111.25563076,2023-09-25T21:33:55+00:00,3277167.5625,727153152.0,241914496.0,710110.5
3762536454.959159,5425036465.063326,407924196.88989407,3277173.0,142268890.63259372,2023-09-25T22:33:55+00:00,3277173.0,727153152.0,241914688.0,710110.5
3762549077.423646,5425049087.527813,407925196.88989407,3277174.4375,142257566.54867125,2023-09-25T23:33:55+00:00,3277174.4375,727153152.0,241914496.0,710110.5
3762561565.538832,5425061575.642999,407925196.88989407,3277176.75,142278595.68717557,2023-09-26T00:33:55+00:00,3277176.75,727153152.0,241914304.0,710110.5
3762574308.956062,5425074319.060228,407930196.88989407,3277180.75,142276978.84962502,2023-09-26T01:33:57+00:00,3277180.75,727153152.0,241916160.0,710110.5
3762586877.059584,5425086887.163751,407932196.88989407,3277183.625,142268896.867675,2023-09-26T02:33:55+00:00,3277183.625,727153152.0,241917184.0,710110.5
3762596720.829152,5425096730.933318,407949196.88989407,3277193.4375,142258700.55659348,2023-09-26T03:33:57+00:00,3277193.4375,727153152.0,241917056.0,710110.5
3762608939.839363,5425108949.94353,407939196.88989407,3277201.8125,142269702.50581402,2023-09-26T04:33:55+00:00,3277201.8125,727153152.0,241917376.0,710110.5
3762621478.076987,5425121488.181153,407941196.88989407,3277207.5625,142269876.94535518,2023-09-26T05:33:56+00:00,3277207.5625,727153152.0,241918144.0,710110.5
3762633778.9569016,5425133789.061069,407936196.88989407,3277238.6875,142244881.3740604,2023-09-26T06:33:55+00:00,3277238.6875,727153152.0,241917760.0,710110.5
3762646271.454212,5425146281.558378,407932196.88989407,3277093.6875,142257767.38241988,2023-09-26T07:33:55+00:00,3277093.6875,727326720.0,242079104.0,710280.0
3762658761.143199,5425158771.247365,407940182.575627,3277098.6875,142276249.27700636,2023-09-26T08:33:55+00:00,3277098.6875,727326720.0,242079808.0,710280.0
3762671420.407499,5425171430.511665,407951182.575627,3277109.0,142255118.01110774,2023-09-26T09:33:56+00:00,3277109.0,727377920.0,242079488.0,710330.0
3762683758.4294734,5425183768.53364,407954182.575627,3277115.875,142245437.12612075,2023-09-26T10:33:56+00:00,3277115.875,727377920.0,242079360.0,710330.0
3762696428.614743,5425196438.71891,407956182.575627,3277119.6875,142245579.76260737,2023-09-26T11:33:55+00:00,3277119.6875,727377920.0,242078336.0,710330.0
3762709173.24932,5425209183.353486,407958182.575627,3277122.0,142246644.47021684,2023-09-26T12:33:56+00:00,3277122.0,727377920.0,242078528.0,710330.0
3762718923.064101,5425218933.168268,407979416.31159335,3277128.125,142247633.87148318,2023-09-26T13:33:56+00:00,3277128.125,727377920.0,242078400.0,710330.0
3762731505.418312,5425231515.522478,408053416.31159335,3277133.3125,142179021.6313609,2023-09-26T14:33:56+00:00,3277133.3125,727377920.0,242078784.0,710330.0
3762743980.754779,5425243990.858946,408053416.31159335,3277142.75,142179154.3816143,2023-09-26T15:33:56+00:00,3277142.75,727459840.0,242087360.0,710410.0
3762756544.358152,5425256554.462318,408068416.31159335,3277151.8125,142166255.31026936,2023-09-26T16:33:57+00:00,3277151.8125,727459840.0,242086656.0,710410.0
3762769157.820804,5425269167.924971,408083186.4249722,3277156.375,142166456.0166817,2023-09-26T17:33:55+00:00,3277156.375,727459840.0,242086912.0,710410.0
3762781834.3445063,5425281844.448673,408084186.4249722,3277159.875,142167559.81831273,2023-09-26T18:33:56+00:00,3277159.875,727459840.0,242084224.0,710410.0
3762794630.3986297,5425294640.502796,408085250.4120887,3277160.875,142168587.41430786,2023-09-26T19:33:56+00:00,3277160.875,727459840.0,242084224.0,710410.0
3762807246.945825,5425307257.049992,408085250.4120887,3277161.1875,142116001.74676475,2023-09-26T20:33:56+00:00,3277161.1875,727459840.0,242084160.0,710410.0
3762819713.862747,5425319723.966914,408087250.4120887,3277160.0,142116301.7125994,2023-09-26T21:33:56+00:00,3277160.0,727459840.0,242086592.0,710410.0
3762829505.1497498,5425329515.253917,408088250.4120887,3277163.3125,142094606.82761782,2023-09-26T22:33:56+00:00,3277163.3125,727459840.0,242086592.0,710410.0
3762841982.210405,5425341992.314572,408129250.4120887,3277164.8125,142094793.8907724,2023-09-26T23:33:56+00:00,3277164.8125,727459840.0,242086592.0,710410.0
3762854729.568963,5425354739.67313,408124250.4120887,3277169.25,142095820.99508104,2023-09-27T00:33:56+00:00,3277169.25,727459840.0,242086080.0,710410.0
3762867278.743117,5425367288.847284,408145250.4120887,3277171.9375,142128065.09205347,2023-09-27T01:33:59+00:00,3277171.9375,727459840.0,242086976.0,710410.0
3762879713.297518,5425379723.401685,408151250.4120887,3277181.875,142119095.37815174,2023-09-27T02:33:56+00:00,3277181.875,727459840.0,242086528.0,710410.0
